id_vocab,german_word,english_word,score_before,score_before_other_language,language_asked,result,guess,question_time,write_it_again,datetime
507,der Dom,the cathedral,0,0,english,1,the cathedral,5,,2020-09-23 00:39:04.672430
213,die rote Karte,the red card,0,0,german,0,die rote Carte,3,die rote Karte the red card die rote Karte,2020-09-23 00:39:19.798247
403,orange,orange,0,0,english,1,orange,3,,2020-09-23 00:39:22.165936
71,das Stück,the piece,0,0,german,0,die Stück,3,das Stück the piece das Stück,2020-09-23 00:39:35.868349
305,mag,like,0,0,english,1,like,3,,2020-09-23 00:39:37.795874
540,die Suppe,the soup,0,0,german,1,die Suppe,5,,2020-09-23 00:39:40.586938
536,das Ritual,the ritual,0,0,german,1,das Ritual,2,,2020-09-23 00:39:43.820635
39,das Hotel,the hotel,0,0,english,1,the hotel,4,,2020-09-23 00:39:46.742748
464,der Blumenkohl,the cauliflower,0,0,english,0,the flower,5,der Blumenkohl the cauliflower der Blumenkohl,2020-09-23 00:40:05.675235
461,der Stuhl,the chair,0,0,german,1,der Stuhl,2,,2020-09-23 00:40:10.604291
332,sehen,to see,0,0,german,1,sehen,2,,2020-09-23 00:40:13.194121
293,kurz,short,0,0,german,1,kurz,4,,2020-09-23 00:40:17.316229
80,denken,to think,0,0,english,1,to think,4,,2020-09-23 00:40:19.962827
405,das Kompliment,the compliment,0,0,english,1,the compliment,2,,2020-09-23 00:40:23.340914
496,die Hand,the hand,0,0,german,0,die Hande,5,die Hand the hand die Hand,2020-09-23 00:40:32.425619
556,kennen,to know,0,0,english,1,to know,5,,2020-09-23 00:40:34.795125
28,das Brot,the bread,0,0,german,1,das Brot,5,,2020-09-23 00:40:38.025638
81,der Apfel,the apple,0,0,german,0,die Apfel,2,der Apfel the apple der Apfel,2020-09-23 00:40:47.281626
489,die Religion,the religion,0,0,english,1,the religion,1,,2020-09-23 00:41:09.649892
46,das Lotto,the lottery,0,0,english,1,the lottery,4,,2020-09-23 00:41:14.225574
365,vielleicht,maybe,0,0,english,1,maybe,1,,2020-09-23 00:41:16.969220
261,genau,I agree,0,0,english,1,I agree,4,,2020-09-23 00:41:19.961604
565,die gelbe Karte,the yellow card,0,0,german,1,die gelbe Karte,1,,2020-09-23 00:41:25.177024
89,der Computer,the computer,0,0,english,1,the computer,4,,2020-09-23 00:41:28.887523
43,das Kleid,the dress,0,0,german,0,die Rock,1,das Kleid the dress das Kleid,2020-09-23 00:41:39.335370
602,ja,yes,0,0,german,1,ja,4,,2020-09-23 00:41:41.136146
529,der Vollmond,the full-moon,0,0,german,0,,4,der Vollmond the full-moon der Vollmond,2020-09-23 00:41:53.919695
373,weil,because,0,0,english,1,because,3,,2020-09-23 00:41:56.336031
275,hässlich,ugly,0,0,english,1,ugly,5,,2020-09-23 00:41:59.199386
362,vegetarier,vegetarian,0,0,english,1,vegetarian,3,,2020-09-23 00:42:02.856362
393,jubeln,to cheer,0,0,english,0,to rejoy,3,jubeln to cheer jubeln,2020-09-23 00:42:14.102821
517,die Zwiebel,the onion,0,0,german,0,der Zwiebel,3,die Zwiebel the onion die Zwiebel,2020-09-23 00:42:38.318194
429,weiss,white,0,0,english,1,white,2,,2020-09-23 00:42:40.950808
383,zusammen,together,0,0,german,1,zusammen,4,,2020-09-23 00:42:44.733039
103,der Himmel,the sky,0,0,english,1,the sky,2,,2020-09-23 00:42:48.382575
144,der Student,the student,0,0,english,0,the studen,2,der Student the student der Student,2020-09-23 00:43:00.333398
129,der Orangensaft,the orange juice,0,0,german,0,das Orangensaft,5,der Orangensaft the orange juie der Orangensaft,2020-09-23 00:43:19.740528
376,wichtig,important,0,0,german,1,wichtig,2,,2020-09-23 00:43:22.654629
48,das Material,the material,0,0,english,1,the material,3,,2020-09-23 00:43:25.892964
330,schwimmen,to swim,0,0,german,1,schwimmen,2,,2020-09-23 00:43:29.004956
29,das Büro,the office,0,0,german,1,das Büro,3,,2020-09-23 00:43:31.956803
247,falsch,wrong,0,0,german,1,falsch,3,,2020-09-23 00:43:36.108730
339,spät,late,0,0,german,1,spät,2,,2020-09-23 00:43:40.284519
453,kommen,to come,0,0,german,1,kommen,4,,2020-09-23 00:43:42.580489
120,der Leopard,the leopard,0,0,german,0,das Leopard,1,der Leopard the leopard der Leopard,2020-09-23 00:43:52.483497
40,das Insekt,the insect,0,0,german,1,das Insekt,3,,2020-09-23 00:43:55.156116
136,der Schauspieler,the actor,0,0,german,1,der Schauspieler,1,,2020-09-23 00:43:59.100277
210,die Qualifikation,the qualification,0,0,german,0,das Qualification,1,die Qualifikation the qualification die Qualifikation,2020-09-23 00:44:16.218831
243,entschuldigung,excuse-me,0,0,german,1,entschuldigung,2,,2020-09-23 00:44:20.075695
222,die Sprache,the language,0,0,english,1,the language,2,,2020-09-23 00:44:24.579226
57,das Praktikum,the internship,0,0,german,1,das Praktikum,4,,2020-09-23 00:44:29.067781
527,die Ananas,the pineapple,0,0,german,0,der Ananas,2,die Ananas the pineapple die Ananas,2020-09-23 00:44:42.458216
382,zeigen,to show,0,0,english,1,to show,3,,2020-09-23 00:44:45.522674
108,der Kalender,the calendar,0,0,german,0,das Kalendar,3,der Kalender the calendar der Kalender,2020-09-23 00:44:55.985922
230,die Tomate,the tomato,0,0,english,1,the tomato,4,,2020-09-23 00:45:00.778406
3,alt,old,0,0,german,1,alt,5,,2020-09-23 00:45:02.682773
235,die Zeit,the time,0,0,german,0,die zeit,4,die Zeit the time di Zeit,2020-09-23 00:45:11.393384
509,die Grosseltern,the grand-parents,0,0,german,0,die Eltern,3,die Grosseltern the grand-parents die Grosseltern,2020-09-23 00:45:33.496753
12,ausmachen,to turn off,0,0,german,1,ausmachen,3,,2020-09-23 00:45:36.713887
357,trinken,to drink,0,0,english,1,to drink,2,,2020-09-23 00:45:39.209156
10,auf Wiedersehen,goodbye,0,0,english,1,goodbye,3,,2020-09-23 00:45:44.593080
502,das Haus,the house,0,0,english,1,the house,4,,2020-09-23 00:45:46.873127
178,die Fliege,the fly,0,0,german,0,fliegen,2,die Fliege the fly die Fliege,2020-09-23 00:45:59.734986
470,die Speisekarte,the menu,0,0,english,0,the crd game,2,die Speisekarte dthe menu die Speisekarte,2020-09-23 00:46:33.990978
274,haben,to have,0,0,german,1,haben,2,,2020-09-23 00:46:36.167120
92,der Enkel,the grand-son,0,0,german,1,der Enkel,1,,2020-09-23 00:46:44.911187
61,das Radio,the radio,0,0,english,1,the radio,3,,2020-09-23 00:46:47.766936
341,spielen,to play,0,0,english,1,to play,2,,2020-09-23 00:46:50.262729
537,Juli,July,0,0,german,1,Juli,5,,2020-09-23 00:46:53.854997
30,das Café,the café,0,0,german,1,das Café,5,,2020-09-23 00:46:57.134611
182,die Freundin,the girlfriend,0,0,english,1,the girlfriend,4,,2020-09-23 00:47:03.373115
510,die Magie,the magic,0,0,english,1,the magic,3,,2020-09-23 00:47:07.054307
148,der Tiger,the tiger,0,0,english,1,the tiger,5,,2020-09-23 00:47:09.414311
474,der Pokal,the cup,0,0,english,1,the cup,3,,2020-09-23 00:47:11.822173
151,der Vogel,the bird,0,0,english,1,the bird,4,,2020-09-23 00:47:14.021787
17,bis Bald,bye for now,0,0,german,0,bie Bald,2,bis Bald by for now bis Bald,2020-09-23 00:47:33.053211
395,die Adresse,the address,0,0,english,1,the address,4,,2020-09-23 00:47:35.966130
433,der Kohl,the cabbage,0,0,english,1,the cabbage,3,,2020-09-23 00:47:41.037507
34,das Ethik,the ethique,0,0,english,0,the ethic,1,das Ethik the ethique das Ethik,2020-09-23 00:47:54.500342
574,das Bett,the bed,0,0,english,1,the bed,2,,2020-09-23 00:47:57.500500
425,killen,to kill,0,0,german,1,killen,2,,2020-09-23 00:47:59.691232
564,der Stress,the stress,0,0,german,0,das Stress,5,der Stress the stress der Stress,2020-09-23 00:48:10.937921
277,heute,today,0,0,english,1,today,1,,2020-09-23 00:48:13.626911
49,das Meer,the sea,0,0,german,0,der See,1,das Meer the seas das Meer,2020-09-23 00:48:23.442044
585,November,November,0,0,german,1,November,5,,2020-09-23 00:48:27.562880
78,das Wort,the word,0,0,english,1,the word,5,,2020-09-23 00:48:29.819068
297,lecker,delicious,0,0,english,1,delicious,4,,2020-09-23 00:48:32.594531
95,der Freund,the boyfriend,0,0,english,1,the boyfriend,2,,2020-09-23 00:48:35.738599
459,Mai,May,0,0,english,1,May,5,,2020-09-23 00:48:37.858746
460,hübsch,pretty,0,0,english,1,pretty,5,,2020-09-23 00:48:43.498331
559,Mittwoch,Wednesday,0,0,german,0,Mittwoc,3,Mittwoch Wednesday Mittwoch,2020-09-23 00:48:58.513306
164,die Banane,the banana,0,0,english,1,the banana,5,,2020-09-23 00:49:01.297694
272,Guten Morgen,good morning,0,0,english,1,good morning,5,,2020-09-23 00:49:08.513822
404,die Aprikose,the apricot,0,0,german,0,das Apricot,1,die Aprikose the apricot die Aprikose,2020-09-23 00:49:19.159939
161,die Angst,the fear,0,0,english,1,the fear,4,,2020-09-23 00:49:21.601057
308,Montag,Monday,0,0,english,1,Monday,1,,2020-09-23 00:49:23.793022
476,suchen,to search,0,0,german,0,,1,suchen to search suchen,2020-09-23 00:49:31.320013
24,dann,then,0,0,english,1,then,2,,2020-09-23 00:49:33.375199
601,schreiben,to write,0,0,german,1,schreiben,4,,2020-09-23 00:49:37.247383
278,Himmel,Heaven,0,0,english,1,Heaven,2,,2020-09-23 00:49:40.160716
363,verheiratet,married,0,0,english,1,married,3,,2020-09-23 17:44:57.022225
556,kennen,to know,1,0,english,1,to know,3,,2020-09-23 17:45:00.170005
130,der Partner,the partner,0,0,english,1,the partner,3,,2020-09-23 17:45:03.608950
603,gestern,yesterday,0,0,german,0,morgen,6,gestern yesterday gestern,2020-09-23 17:45:16.480068
294,lang,long,0,0,german,1,lang,1,,2020-09-23 17:45:18.368204
178,die Fliege,the fly,-1,0,german,1,die Fliege,3,,2020-09-23 17:45:21.777048
475,das Wetter,the weather,0,0,german,1,das Wetter,3,,2020-09-23 17:45:25.216381
255,frisch,fresh,0,0,german,0,fresch,7,frisch fresh frisch,2020-09-23 17:45:37.894886
155,der Wurst,the sausage,0,0,german,1,der Wurst,3,,2020-09-23 17:45:41.831070
168,die Chemie,the chemistry,0,0,english,0,the chemestry,7,die Chemie the chemistry die Chemie,2020-09-23 17:45:57.205150
230,die Tomate,the tomato,0,0,german,1,die Tomate,4,,2020-09-23 17:46:01.413687
163,die Aussage,the statement,0,0,german,0,die Austrage,4,die Aussage the statement die Aussage,2020-09-23 17:46:14.022500
13,backen,to bake,0,0,german,1,backen,3,,2020-09-23 17:46:17.888541
162,die Antwort,the answer,0,0,german,0,die Antword,3,die Antwort the answer die Antwort,2020-09-23 17:46:28.645576
76,das Wissen,the knowledge,0,0,english,1,the knowledge,3,,2020-09-23 17:46:32.590679
161,die Angst,the fear,1,0,english,1,the fear,2,,2020-09-23 17:46:35.318196
574,das Bett,the bed,0,0,german,1,das Bett,3,,2020-09-23 17:46:38.389024
482,die Suche,the search,0,0,german,1,die Suche,3,,2020-09-23 17:46:41.493957
546,das Eis,the ice,0,0,english,1,the ice,2,,2020-09-23 17:46:44.037430
117,der Kunststoff,the plastic,0,0,german,0,der Kunstoff,3,der Kunststoff the plastic der Kunststoff,2020-09-23 17:46:59.819131
488,das Bild,the picture,0,0,english,1,the picture,2,,2020-09-23 17:47:02.778185
221,die Spinne,the spider,0,0,german,0,,3,die Spinne the spider die Spinne,2020-09-23 17:47:12.523605
548,die Strasse,the street,0,0,german,1,die Strasse,4,,2020-09-23 17:47:16.652250
443,der Schauspieler,the actor,0,0,german,1,der Schauspieler,3,,2020-09-23 17:47:20.643843
305,mag,like,0,0,german,1,mag,1,,2020-09-23 17:47:22.619944
7,April,April,0,0,german,1,April,1,,2020-09-23 17:47:24.587865
300,leicht,light,0,0,german,1,leicht,2,,2020-09-23 17:47:26.787925
404,die Aprikose,the apricot,0,0,english,1,the apricot,3,,2020-09-23 17:47:30.411339
174,die Farbe,the color,0,0,german,1,die Farbe,3,,2020-09-23 17:47:33.611340
360,umkämpfen,to beat,0,0,german,0,kämpfen,4,umkämpfen to beat umkämpfen,2020-09-23 17:47:48.010240
274,haben,to have,1,0,german,1,haben,2,,2020-09-23 17:47:50.121514
596,kosten,to cost,0,0,german,1,kosten,2,,2020-09-23 17:47:52.706634
525,Januar,January,0,0,german,1,Januar,2,,2020-09-23 17:47:55.058162
474,der Pokal,the cup,1,0,english,1,the cup,2,,2020-09-23 17:47:57.265384
359,überall,everywhere,0,0,german,1,überall,2,,2020-09-23 17:48:00.129508
427,Dienstag,Tuesday,0,0,german,1,Dienstag,3,,2020-09-23 17:48:03.632395
497,das Buch,the book,0,0,german,1,das Buch,2,,2020-09-23 17:48:06.497098
195,die Kirche,the church,0,0,english,1,the church,3,,2020-09-23 17:48:09.535542
500,brauchen,to need,0,0,german,1,brauchen,4,,2020-09-23 17:48:14.111050
416,die Wassermelone,the watermelon,0,0,german,0,,4,die Wassermelone the watermelon die Wassermelone,2020-09-23 17:48:29.835520
70,das Sonderangebot,the special offer,0,0,german,0,die Sonderangebot,7,das Sonderangebot the special offer das Sonderangebot,2020-09-23 17:48:49.657893
68,das Schwein,the pig,0,0,german,1,das Schwein,4,,2020-09-23 17:48:54.001919
545,der Arzt,the doctor,0,0,german,1,der Arzt,3,,2020-09-23 17:48:57.626172
514,schwul,gay lovers,0,0,english,1,gay lovers,5,,2020-09-23 17:49:03.074544
24,dann,then,1,0,english,1,then,1,,2020-09-23 17:49:04.842383
252,frei,free,0,0,german,1,frei,1,,2020-09-23 17:49:06.817996
450,die Zeit,the time,0,0,german,1,die Zeit,2,,2020-09-23 17:49:09.169852
237,Dienstag,Tuesday,0,0,english,1,Tuesday,3,,2020-09-23 17:49:12.760584
509,die Grosseltern,the grand-parents,0,0,english,1,the grand-parents,5,,2020-09-23 17:49:18.393526
250,fertig,ready,0,0,english,0,finish,4,fertig ready fertig,2020-09-23 17:49:28.768728
19,bitte,please,0,0,english,1,please,2,,2020-09-23 17:49:31.233053
561,fantastisch,fantastic,0,0,english,1,fantastic,2,,2020-09-23 17:49:34.176576
239,Donnerstag,Thursday,0,0,english,1,Thursday,4,,2020-09-23 17:49:38.896586
171,die Ehefrau,the wife,0,0,german,1,die Ehefrau,4,,2020-09-23 17:49:43.064176
319,richtig,correct,0,0,english,0,important,8,richtig correct richtig,2020-09-23 17:49:57.654845
389,das Organ,the organ,0,0,german,1,das Organ,2,,2020-09-23 17:50:00.655310
299,leer,empty,0,0,german,1,leer,1,,2020-09-23 17:50:02.440292
16,bezahlen,to pay,0,0,german,0,zählen,4,bezahlen to pay bezahlen,2020-09-23 17:50:13.093229
269,gut,good,0,0,german,1,gut,1,,2020-09-23 17:50:14.679203
53,das Öl,the oil,0,0,german,1,das Öl,3,,2020-09-23 17:50:17.806889
37,das Handtuch,the towel,0,0,german,0,,2,das Handtuch the towel das Handtuch,2020-09-23 17:50:27.822286
209,die Philosophie,the philosophy,0,0,english,0,the phyilosophy,12,die Philosophie the philosophy die Philosophie,2020-09-23 17:50:54.644240
334,September,September,0,0,english,1,September,3,,2020-09-23 17:50:58.189923
125,der Mechatroniker,the mechanic,0,0,english,1,the mechanic,3,,2020-09-23 17:51:01.293565
56,das Pferd,the horse,0,0,german,1,das Pferd,3,,2020-09-23 17:51:04.589301
577,der Frühling,the spring,0,0,german,1,der Frühling,6,,2020-09-23 17:51:10.645322
149,der Vater,the father,0,0,german,1,der Vater,3,,2020-09-23 17:51:13.900694
582,inhalieren,to inhale,0,0,english,0,,1,inhalieren to inhale inhalieren,2020-09-23 17:51:23.211395
342,sprechen,to speak,0,0,english,1,to speak,3,,2020-09-23 17:51:26.412386
292,kommen,to come,0,0,german,1,kommen,2,,2020-09-23 17:51:28.794867
523,gegen,against,0,0,german,1,gegen,2,,2020-09-23 17:51:31.084340
438,viel,a lot,0,0,english,1,a lot,4,,2020-09-23 17:51:35.668408
584,lernen,to learn,0,0,english,1,to learn,3,,2020-09-23 17:51:38.747645
43,das Kleid,the dress,0,0,english,1,the dress,3,,2020-09-23 17:51:41.804236
134,der Regenschirm,the umbrella,0,0,german,0,die Uberregen,10,der rRegenschirm the umbrella der Regenschirm,2020-09-23 17:52:06.170090
129,der Orangensaft,the orange juice,-1,0,german,0,das Orangensaft,4,der Orangensaft the orange juice der Orangensaft,2020-09-23 17:52:21.215737
119,der Lehrer,the teacher,0,0,english,1,the teacher,4,,2020-09-23 17:52:25.827088
50,das Mehl,the flour,0,0,german,0,,10,das Mehl the flour das Mehl,2020-09-23 17:52:42.432877
380,wirklich,really,0,0,english,1,really,3,,2020-09-23 17:52:45.625493
448,die Biologie,the biology,0,0,german,1,die Biologie,3,,2020-09-23 17:52:49.001418
512,der Student,the student,0,0,german,1,der Student,2,,2020-09-23 17:52:51.920598
456,wilkommen,welcome,0,0,english,1,welcome,2,,2020-09-23 17:52:54.120456
222,die Sprache,the language,0,0,german,1,die Sprache,3,,2020-09-23 17:52:57.585039
317,rennen,to sprint,0,0,english,1,to sprint,2,,2020-09-23 17:53:00.536823
197,die Küche,the kitchen,0,0,english,0,the cake,4,die Küche the kitchen die Küche,2020-09-23 17:53:13.509963
186,die Gruppe,the group,0,0,english,1,the group,7,,2020-09-23 17:53:21.070499
607,das Herz,the heart,0,0,german,1,das Herz,2,,2020-09-23 17:53:23.878662
418,das Jahr,the year,0,0,english,1,the year,2,,2020-09-23 17:53:26.462593
18,bis Später,see you later,0,0,german,1,bis Später,3,,2020-09-23 17:53:29.950349
392,die Idee,the idea,0,0,german,0,das Idee,5,die Idee the idea die Idee,2020-09-23 17:53:40.709667
295,langsam,slow,0,0,english,1,slow,3,,2020-09-23 17:53:44.365628
87,der Berg,the mountain,0,0,german,0,das Berg,3,der Berg the mountain der Berg,2020-09-23 17:53:53.468662
345,stimmen,to vote,0,0,english,1,to vote,3,,2020-09-23 17:53:56.693272
398,attraktiv,attractive,0,0,german,1,attraktiv,6,,2020-09-23 17:54:02.941672
444,die Ärztin,the female doctor,0,0,english,1,the female doctor,6,,2020-09-23 17:54:09.820782
296,laufen,to run,0,0,german,1,laufen,5,,2020-09-23 17:54:14.908487
176,die Flagge,the flag,0,0,english,1,the flag,3,,2020-09-23 17:54:18.308711
83,der Arm,the arm,0,0,german,0,das Arm,4,der Arm the arm,2020-09-23 17:54:26.651208
568,und,and,0,0,german,1,und,1,,2020-09-23 17:54:28.459396
455,zusammen,together,0,0,english,1,together,3,,2020-09-23 17:54:31.693431
77,das Wohnzimmer,the living room,0,0,german,0,,3,das Wohnzimmer the living room das Wohnzimmer,2020-09-25 21:19:15.607311
592,das Pferd,the horse,0,0,english,1,the horse,2,,2020-09-25 21:19:18.261928
365,vielleicht,maybe,0,0,german,1,vielleicht,6,,2020-09-25 21:19:24.503332
256,fühlen,to feel,0,0,english,1,to feel,2,,2020-09-25 21:19:27.310643
532,das Problem,the problem,0,0,english,1,the problem,2,,2020-09-25 21:19:30.031075
355,traurig,sad,0,0,english,1,sad,2,,2020-09-25 21:19:32.318766
183,die Garage,the garage,0,0,english,1,the garage,2,,2020-09-25 21:19:34.702604
335,sichtbar,visible,0,0,english,1,visible,4,,2020-09-25 21:19:39.052016
580,leer,empty,0,0,english,1,empty,2,,2020-09-25 21:19:41.525555
269,gut,good,1,0,german,1,gut,1,,2020-09-25 21:19:43.069160
434,der Prinz,the prince,0,0,english,1,the prince,3,,2020-09-25 21:19:46.933769
394,gut,good,0,0,english,1,good,145,,2020-09-25 21:22:12.705612
273,Guten Tag,good day,0,0,german,1,Guten Tag,3,,2020-09-25 21:22:16.463001
194,die Katze,the cat,0,0,english,0,the kat,2,die Katze the cat die Katze,2020-09-25 21:22:25.591432
73,das Tier,the animal,0,0,english,1,the animal,2,,2020-09-25 21:22:28.216149
131,der Praktikant,the intern,0,0,english,1,the intern,3,,2020-09-25 21:22:31.262223
457,aber,but,0,0,german,1,aber,3,,2020-09-25 21:22:34.503662
211,die Reise,the travel,0,0,english,1,the travel,3,,2020-09-25 21:22:37.696950
92,der Enkel,the grand-son,0,0,english,1,the grand-son,3,,2020-09-25 21:22:41.271619
520,das Fleisch,the meat,0,0,english,1,the meat,2,,2020-09-25 21:22:44.078093
420,sein,to be,0,0,german,1,sein,2,,2020-09-25 21:22:46.167718
444,die Ärztin,the female doctor,0,0,german,1,die Ärztin,4,,2020-09-25 21:22:50.623571
316,prima,fine,0,0,german,0,rima,3,prima fine prima,2020-09-25 21:22:57.142474
63,das Restaurant,the restaurant,0,0,english,1,the restaurant,3,,2020-09-25 21:23:00.999370
573,der Apfel,the apple,0,0,english,1,the apple,3,,2020-09-25 21:23:04.463823
79,das Zebra,the zebra,0,0,german,1,das Zebra,5,,2020-09-25 21:23:09.524689
391,keine Ahnung,no idea,0,0,english,1,no idea,3,,2020-09-25 21:23:13.302352
61,das Radio,the radio,1,0,english,1,the radio,2,,2020-09-25 21:23:15.749921
506,mag,like,0,0,german,1,mag,2,,2020-09-25 21:23:17.902760
372,waschen,to wash,0,0,english,1,to wash,2,,2020-09-25 21:23:20.646186
442,alt,old,0,0,german,1,alt,1,,2020-09-25 21:23:22.262649
342,sprechen,to speak,1,0,english,1,to speak,2,,2020-09-25 21:23:24.829868
82,der Arkitekt,the architect,0,0,english,1,the architect,3,,2020-09-25 21:23:28.620114
240,durst,thirsty,0,0,german,1,durst,3,,2020-09-25 21:23:32.149480
544,die Karotte,the carrot,0,0,english,1,the carrot,2,,2020-09-25 21:23:34.939261
468,das Haar,the hair,0,0,german,1,das Haar,3,,2020-09-25 21:23:37.989767
57,das Praktikum,the internship,0,0,english,1,the internship,4,,2020-09-25 21:23:42.612998
2,allein,alone,0,0,german,1,allein,417,,2020-09-25 21:30:40.604647
36,das Gemüse,the vegetable,0,0,german,0,gas Gemüse,5,das Gemüse,2020-09-25 21:30:50.890681
159,Deutschland,Germany,0,0,english,1,Germany,3,,2020-09-25 21:30:54.260548
150,der Veteran,the veteran,0,0,english,1,the veteran,2,,2020-09-25 21:30:56.923474
259,gehen,to go,0,0,german,1,gehen,2,,2020-09-25 21:30:59.083720
109,der Käse,the cheese,0,0,german,0,das Käse,1010,,2020-09-25 21:47:51.158474
584,lernen,to learn,0,0,german,1,lernen,2,,2020-09-25 21:47:53.797258
222,die Sprache,the language,1,0,english,1,the language,2,,2020-09-25 21:47:56.789584
251,fotografieren,to photograph,0,0,german,1,fotografieren,9,,2020-09-25 21:48:06.437156
265,glauben,to believe,0,0,german,1,glauben,3,,2020-09-25 21:48:09.861715
140,der Sohn,the son,0,0,english,1,the son,1,,2020-09-25 21:48:11.861084
84,der Arzt,the doctor,0,0,german,1,der Arzt,3,,2020-09-25 21:48:14.892415
233,die Wohnung,the flat,0,0,english,0,the appartment,3,die Wohnung the flat,2020-09-25 21:48:23.315649
310,nein,no,0,0,german,1,nein,1,,2020-09-25 21:48:25.092660
486,der Bruder,the brother,0,0,german,1,der Bruder,2,,2020-09-25 21:48:27.908125
458,Hilfe,Help,0,0,english,1,Help,2,,2020-09-25 21:48:30.084100
533,die Frage,the question,0,0,english,1,the question,3,,2020-09-25 21:48:33.212823
158,Deutsch,German,0,0,english,1,German,3,,2020-09-25 21:48:37.099467
388,auch,also,0,0,english,1,also,3,,2020-09-25 21:48:40.179311
361,und,and,0,0,english,1,and,1,,2020-09-25 21:48:41.795426
99,der Geist,the ghost,0,0,english,1,the ghost,5,,2020-09-25 21:48:47.594739
70,das Sonderangebot,the special offer,-1,0,german,0,der Sonderangebot,5,das Sonderangebot the special offer,2020-09-25 21:49:00.866021
248,fantastisch,fantastic,0,0,english,0,fasntastic,3,fantastic fantastisch,2020-09-25 21:49:12.441354
383,zusammen,together,0,0,english,1,together,2,,2020-09-25 21:49:14.977841
348,süss,sweet,0,0,english,1,sweet,3,,2020-09-25 21:49:18.969826
246,essen,to eat,0,0,german,1,essen,2,,2020-09-25 21:49:21.249838
475,das Wetter,the weather,0,0,english,1,the weather,2,,2020-09-25 21:49:24.038480
428,leider,unfortunately,0,0,english,1,unfortunately,3,,2020-09-25 21:49:27.978234
149,der Vater,the father,1,0,german,1,der Vater,2,,2020-09-25 21:49:30.970561
207,die Oma,the grandma,0,0,german,1,die Oma,3,,2020-09-25 21:49:34.595251
305,mag,like,1,0,german,1,mag,2,,2020-09-25 21:49:37.067129
309,müde,tired,0,0,english,1,tired,4,,2020-09-25 21:49:41.331602
101,der Hals,the neck,0,0,german,1,der Hals,4,,2020-09-25 21:49:46.011914
121,der Löwe,the lion,0,0,english,1,the lion,2,,2020-09-25 21:49:48.539195
485,zweite,second,0,0,english,0,twice,4,zweite second zweite,2020-09-25 21:49:58.322588
513,das Schwimmbad,the swimming pool,0,0,english,0,the swimming-pool,5,the swimming pool das Schwimmbad,2020-09-25 21:50:12.138401
451,der Wein,the wine,0,0,english,1,the wine,2,,2020-09-25 21:50:14.242671
500,brauchen,to need,1,0,german,1,brauchen,3,,2020-09-25 21:50:17.403164
160,Dezember,December,0,0,german,1,Dezember,2,,2020-09-25 21:50:20.418293
242,Englisch,English,0,0,english,1,English,2,,2020-09-25 21:50:22.954616
154,der Winter,the winter,0,0,english,1,the winter,3,,2020-09-25 21:50:26.298122
381,wo,where,0,0,german,1,wo,1,,2020-09-25 21:50:27.921989
113,der Konflikt,the conflict,0,0,german,0,das Klonfikt,6,der Konflikt the conflict,2020-09-25 21:50:40.617176
175,die Ferien,the holidays,0,0,german,0,die Urlaub,3,die Ferien the olidays die Ferien,2020-09-25 21:50:53.872323
481,die Familie,the family,0,0,german,1,die Familie,5,,2020-09-25 21:50:59.345259
403,orange,orange,1,0,english,1,orange,2,,2020-09-25 21:51:01.576963
577,der Frühling,the spring,1,0,german,1,der Frühling,5,,2020-09-25 21:51:07.232860
551,toll,formidable,0,0,german,0,formaidable,4,toll formidable toll,2020-09-25 21:51:17.767565
48,das Material,the material,0,0,german,1,das Material,4,,2020-09-25 21:51:22.375176
489,die Religion,the religion,1,0,english,1,the religion,3,,2020-09-25 21:51:25.696560
311,neu,new,0,0,german,0,neue,3,new neu neu neu,2020-09-25 21:51:32.823166
294,lang,long,0,0,english,1,long,2,,2020-09-25 21:51:35.071650
24,dann,then,2,0,english,1,then,2,,2020-09-25 21:51:37.296038
317,rennen,to sprint,0,0,german,1,rennen,2,,2020-09-25 21:51:39.535306
193,die Kartoffel,the potato,0,0,german,1,die Kartoffel,6,,2020-09-25 21:51:46.511447
417,die Gewinnzahl,the winning number,0,0,german,0,die Winnzahlen,6,die Gewinnzahl the wining number die Gewinnzahl,2020-09-25 21:52:04.501048
172,die Enkelin,the grand-daughter,0,0,english,1,the grand-daughter,5,,2020-09-25 21:52:09.853295
452,Donnerstag,Thursday,0,0,english,1,Thursday,3,,2020-09-25 21:52:13.364557
542,die Erdbeere,the strawberry,0,0,german,0,die Erbeere,3,die Erdbeere the strawbeery,2020-09-25 21:52:24.507332
540,die Suppe,the soup,0,0,english,1,the soup,2,,2020-09-25 21:52:27.203421
287,kalt,cold,0,0,english,1,cold,1,,2020-09-25 21:52:29.116450
22,blind,blind,0,0,english,1,blind,2,,2020-09-25 21:52:31.244022
200,die Lampe,the lamp,0,0,english,1,the lamp,7,,2020-09-25 21:52:38.700319
36,das Gemüse,the vegetable,0,0,english,1,the vegetable,4,,2020-09-26 14:04:38.815994
168,die Chemie,the chemistry,0,0,german,0,das Chemie,3,die Chemie the chemistry die Chemie,2020-09-26 14:04:50.776048
109,der Käse,the cheese,0,0,english,1,the cheese,2,,2020-09-26 14:04:53.693366
468,das Haar,the hair,1,0,german,1,das Haar,2,,2020-09-26 14:04:56.252917
138,der Seher,the seer,0,0,german,0,der Sehen,5,der Seher the seen der Seher,2020-09-26 14:05:12.412174
312,normal,normal,0,0,english,1,normal,10,,2020-09-26 14:05:22.836661
78,das Wort,the word,1,0,english,1,the word,3,,2020-09-26 14:05:26.492493
371,Was machst du beruflich?,What is your work?,0,0,german,0,Was ist deine Beruflich?,53,Was machst du beruflich was maschest du beruflich,2020-09-26 14:06:33.456093
413,die Eltern,the parents,0,0,english,1,the parents,4,,2020-09-26 14:06:37.561550
253,Freitag,Friday,0,0,english,1,Friday,2,,2020-09-26 14:06:40.225182
525,Januar,January,1,0,german,1,Januar,2,,2020-09-26 14:06:42.401036
535,radfahren,to cycle,0,0,english,0,the cycle,2,to cycle the cycle,2020-09-26 14:06:51.416874
31,das Camping,the camping,0,0,english,1,the camping,2,,2020-09-26 14:06:54.378928
76,das Wissen,the knowledge,0,0,german,1,das Wissen,3,,2020-09-26 14:06:57.425132
34,das Ethik,the ethique,0,0,german,0,das Ethic,2,das Ethik the ethique das Ethik,2020-09-26 14:07:06.920027
373,weil,because,1,0,english,1,because,2,,2020-09-26 14:07:09.064457
328,schon,already,0,0,english,1,already,2,,2020-09-26 14:07:11.479690
5,anrufen,to phone,0,0,english,0,to call,2,anrufen to phone anrufen,2020-09-26 14:07:18.799306
309,müde,tired,0,0,german,1,müde,3,,2020-09-26 14:07:22.591337
123,der Mann,the man,0,0,english,1,the man,2,,2020-09-26 14:07:24.792092
266,golden,golden,0,0,english,1,golden,1,,2020-09-26 14:07:26.671059
49,das Meer,the sea,0,0,english,1,the sea,1,,2020-09-26 14:07:28.639610
607,das Herz,the heart,1,0,german,1,das Herz,3,,2020-09-26 14:07:31.886457
369,warm,warm,0,0,german,1,warm,1,,2020-09-26 14:07:33.790695
160,Dezember,December,0,0,english,1,December,2,,2020-09-26 14:07:36.166677
344,stehen,to stand up,0,0,english,1,to stand up,2,,2020-09-26 14:07:38.918796
215,die Schokolade,the chocolate,0,0,german,0,die Chocolade,4,die Schkolade die Schokolade,2020-09-26 14:07:52.327982
298,ledig,single,0,0,german,1,ledig,2,,2020-09-26 14:07:54.391245
66,das Schiff,the ship,0,0,german,0,das Shift,3,das Schiff the ship das Schiff,2020-09-26 14:08:04.501656
271,Guten Abend,good evening,0,0,german,1,Guten Abend,85,,2020-09-26 14:09:29.610288
404,die Aprikose,the apricot,-1,0,german,1,die Aprikose,2,,2020-09-26 14:09:32.482000
500,brauchen,to need,0,0,english,1,to need,2,,2020-09-26 14:09:35.066567
566,lieben,to love,0,0,english,0,favorite,4,lieben to love lieben,2020-09-26 14:09:44.786001
440,grün,green,0,0,english,1,green,2,,2020-09-26 14:09:46.985631
475,das Wetter,the weather,1,0,german,1,das Wetter,2,,2020-09-26 14:09:49.761880
47,das Mädchen,the girl,0,0,english,1,the girl,2,,2020-09-26 14:09:52.305543
146,der Tee,the tea,0,0,english,1,the tea,2,,2020-09-26 14:09:54.680835
211,die Reise,the travel,0,0,german,0,der Weise,2,die reise the travel die Reise,2020-09-26 14:10:03.902660
126,der Mensch,the human,0,0,german,0,das Menschen,9,der Mensch the human der Mensch,2020-09-26 14:10:21.320214
191,die Jacke,the jacket,0,0,english,1,the jacket,2,,2020-09-26 14:10:23.990278
237,Dienstag,Tuesday,0,0,german,1,Dienstag,2,,2020-09-26 14:10:26.502947
438,viel,a lot,1,0,english,1,a lot,2,,2020-09-26 14:10:28.791568
29,das Büro,the office,1,0,german,1,das Büro,2,,2020-09-26 14:10:31.262880
554,die Woche,the week,0,0,german,1,die Woche,3,,2020-09-26 14:10:34.839509
445,das Interview,the interview,0,0,english,1,the interview,3,,2020-09-26 14:10:38.055194
179,die Fotografie,the photography,0,0,english,1,the photography,5,,2020-09-26 14:10:43.431120
273,Guten Tag,good day,0,0,english,1,good day,30,,2020-09-26 14:11:13.996352
127,der Nachmittag,the afternoon,0,0,english,0,the dessert,4,der Nachmittag the afternoon der Nachittag,2020-09-26 14:11:42.628236
70,das Sonderangebot,the special offer,0,0,english,1,the special offer,4,,2020-09-26 14:11:47.452527
497,das Buch,the book,0,0,english,1,the book,2,,2020-09-26 14:11:49.548074
292,kommen,to come,1,0,german,1,kommen,1,,2020-09-26 14:11:51.547881
230,die Tomate,the tomato,1,0,english,1,the tomato,2,,2020-09-26 14:11:54.204344
207,die Oma,the grandma,0,0,english,1,the grandma,2,,2020-09-26 14:11:57.132155
216,die Schwester,the sister,0,0,german,1,die Schwester,3,,2020-09-26 14:12:00.811736
111,der Köchenchef,the cook,0,0,english,0,the chef,3,der Köchenchef the cook der Köchenchef,2020-09-26 14:12:14.527609
353,toll,formidable,0,0,german,1,toll,2,,2020-09-26 14:12:16.739232
483,nass,wet,0,0,german,0,wet,4,nass wet nass,2020-09-26 14:12:25.185442
37,das Handtuch,the towel,-1,0,german,1,das Handtuch,4,,2020-09-26 14:12:29.737942
412,das Paar,the pair,0,0,german,1,das Paar,4,,2020-09-26 14:12:33.788287
35,das Geld,the money,0,0,german,1,das Geld,2,,2020-09-26 14:12:36.090091
294,lang,long,1,0,german,1,lang,1,,2020-09-26 14:12:37.624995
114,der Kopf,the head,0,0,english,1,the head,2,,2020-09-26 14:12:40.041931
474,der Pokal,the cup,0,0,german,0,der Cup,4,der Pokal the cup der Pokal,2020-09-26 14:12:49.294324
342,sprechen,to speak,2,0,english,1,to speak,3,,2020-09-26 14:12:52.793369
245,es tut mir leid,I'm sorry,0,0,german,0,Es tut mir leid,3,,2020-09-26 14:13:01.368776
376,wichtig,important,0,0,english,1,important,3,,2020-09-26 14:13:04.896965
329,schwarz,black,0,0,english,1,black,9,,2020-09-26 14:13:14.104388
10,auf Wiedersehen,goodbye,0,0,german,0,tschüss,5,auf Wiedersehen auf Wiedersehen,2020-09-26 14:13:30.719227
240,durst,thirsty,0,0,english,1,thirsty,40,,2020-09-26 14:14:11.437502
574,das Bett,the bed,1,0,english,1,the bed,3,,2020-09-26 14:14:14.862230
214,die Sauce,the sauce,0,0,german,1,die Sauce,3,,2020-09-26 14:14:18.158221
330,schwimmen,to swim,1,0,german,1,schwimmen,2,,2020-09-26 14:14:21.142562
370,warum,why,0,0,english,1,why,2,,2020-09-26 14:14:23.558168
433,der Kohl,the cabbage,1,0,english,1,the cabbage,3,,2020-09-26 14:14:26.701718
396,jede,each,0,0,english,1,each,2,,2020-09-26 14:14:29.309459
20,bitte sehr,you're welcome,0,0,english,1,you're welcome,12,,2020-09-26 14:14:42.269176
494,heiss,hot,0,0,german,1,heiss,8,,2020-09-26 14:14:50.684860
448,die Biologie,the biology,1,0,german,1,die Biologie,3,,2020-09-26 14:14:53.877261
222,die Sprache,the language,2,0,english,1,the language,2,,2020-09-26 14:14:56.813103
181,die Frau,the woman,0,0,german,1,die Frau,3,,2020-09-26 14:14:59.900512
274,haben,to have,2,0,german,1,haben,1,,2020-09-26 14:15:01.692463
331,schwul,gay lovers,0,0,german,1,schwul,3,,2020-09-26 14:15:04.900232
44,das Kreuz,the cross,0,0,english,1,the cross,2,,2020-09-26 14:15:07.476130
224,die Stimme,the voice,0,0,english,0,the vote,3,die Stimme the voice die Stimme,2020-09-26 14:15:18.227008
276,heissen,to be named,0,0,english,1,to be named,4,,2020-09-26 14:15:22.779682
248,fantastisch,fantastic,-1,0,english,1,fantastic,3,,2020-09-26 14:15:26.355317
416,die Wassermelone,the watermelon,-1,0,german,1,die Wassermelone,5,,2020-09-26 14:15:31.722431
83,der Arm,the arm,0,0,english,1,the arm,2,,2020-09-26 14:15:34.209770
131,der Praktikant,the intern,0,0,german,1,der Praktikant,8,,2020-09-26 14:15:42.641195
444,die Ärztin,the female doctor,1,0,english,1,the female doctor,5,,2020-09-26 14:15:48.505000
355,traurig,sad,0,0,german,1,traurig,3,,2020-09-26 14:15:52.096660
125,der Mechatroniker,the mechanic,1,0,english,1,the mechanic,3,,2020-09-26 14:15:55.177834
502,das Haus,the house,0,0,german,1,das Haus,2,,2020-09-26 14:15:57.736877
366,voll,full,0,0,english,1,full,2,,2020-09-26 14:16:00.624981
161,die Angst,the fear,2,0,english,1,the fear,3,,2020-09-26 14:16:04.424856
552,die Aubergine,the eggplant,0,0,english,1,the eggplant,7,,2020-09-26 14:16:11.776352
105,der Hund,the dog,0,0,english,1,the dog,2,,2020-09-26 14:16:14.344051
202,die Milch,the milk,0,0,english,1,the milk,2,,2020-09-26 14:16:17.206334
425,killen,to kill,0,0,english,1,to kill,2,,2020-09-26 14:16:19.424166
280,hoch,up,0,0,english,1,up,1,,2020-09-26 14:16:21.199387
